{
    "name": "harrow-spread",
    "title": "Harrow Spread Generator",
    "description": "A simple module that generates journal entries containing Harrow spreads for use with Pathfinder.",
    "author": "Hornet",
    "version": "0.0.1",
    "minimumCoreVersion": "0.7.5",
    "compatibleCoreVersion": "0.7.9",
    "esmodules": [
        "./harrowSpread.js"
    ],
    "download": "https://github.com/aislingjensen/harrow-spread/raw/master/harrow-spread.zip",
    "url": "https://github.com/aislingjensen/harrow-spread",
    "manifest": "https://raw.githubusercontent.com/aislingjensen/harrow-spread/master/module.json"
}
